﻿Designator,Footprint,Quantity,Value,LCSC Part #
C1,0805,1,22uF,
"C10, C11, C14, C17, C20, C21, C22, C23, C24, C6, C7, C8, C9",0603,13,0.1uF,
"C12, C5",CP_EIA-2012-12_Kemet-R,2,10uF,
C16,1206,1,15uF,
"C18, C30",1206,2,22uF,
C26,1206,1,1u,
C27,1206,1,10u,
"C28, C29",CP_Elec_6.3x5.8,2,150 μF,
"CLK_{IN}1, TRIGGER1",SMA_Amphenol_132134-11_Vertical,2,~,
D1,SMBJ5.0A-TR,1,SMBJ5.0A-TR,
"FB1, FB2",0603,2,600R (100MHz),
"H1, H2, H3, H4",MountingHole_2.5mm_Pad_Via,4,MountingHole_Pad,
"IC1, IC2",SOIC127P1105X220-8N,2,"TLP2270_TP4,E",
J1,PinHeader_1x02_P2.54mm_Vertical,1,Conn_01x02_Pin,
J2,HRO_TYPE-C-31-M-12,1,TYPE-C-31-M-12,
J3,BarrelJack_CLIFF_FC681465S_SMT_Horizontal,1,Barrel_Jack,
J7,DIN41612_C_3x32_Male_Horizontal_THT,1,DIN41612_02x32_AC,
LED1,LED_19-217&slash_BHC-ZL1M2RY&slash_3T_EVE-M,1,19-217/BHC-ZL1M2RY/3T,
MR_{OUT}1,SMA_Amphenol_132134-11_Vertical,1,Conn_Coaxial,
Q2,NMOSGSD_SOT23_DIO,1,DMN2056U-7,
"R1, R2",0805,2,5.1k,
"R10, R13, R14, R15, R16, R17, R18, R20, R21, R23, R25, R26, R27, R28, R33, R34, R35, R4, R44, R45, R5, R8, R9",0805,23,50,
R11,0805,1,11.8k,
R12,0805,1,3.74k,
"R19, R29, R30, R31, R32, R41, R42, R43, R47, R48, R49, R50, R53, R54, R55, R56, R57, R6",0805,18,10k,
R22,0805,1,50k,
R24,0805,1,270,
"R3, R40",0805,2,0,
"R36, R39",0805,2,51.5k,
R37,0805,1,3.16k,
R38,0805,1,1k,
R46,1206,1,50,
R51,0805,1,91k,
R52,0805,1,150k,
RP RST,SW_B3U-3100P_OMR,1,B3U-3100P,
SW1,SW4_SSSS811101_ALPS,1,SSSS811101,
SW3,SW1_800BWSP9SM6RE_EWI,1,800BWSP9SM6RE,
"TP2, TP3",TestPoint_Pad_1.5x1.5mm,2,TestPoint,
"U1, U12, U2, U6, U8",SOIC-8_3.9x4.9mm_P1.27mm,5,MC100LVELT23DG,
"U10, U9",SOIC-8_3.9x4.9mm_P1.27mm,2,MC100EPT22D,
U11,SOIC-8_3.9x4.9mm_P1.27mm,1,OPA340UA,
U13,21-0041B_8_MXM,1,MAX9371ESA,
U14,RGR20_2P05X2P05_TEX,1,TPS7A5201QRGRRQ1,
U15,DW20,1,SN74LVC573DW,
U16,KTT5,1,TL1963AQKTTRQ1,
U3,RPi_Pico_SMD_TH,1,Pico,
U4,DMG2305UX-13,1,DMG2305UX-13,
U5,LQFP32_7X7_ONS,1,MC100EP016AFAG,
U7,21-0057F_MXM,1,MAX1735EUK30+T,
